Unnamed: 0,n_filters_time,filter_time_length,n_filters_spat,pool_time_length,pool_time_stride,drop_prob,learning_rate_range,decay_range,accuracy
0,40,25,40,75,15,0.5,0.0625,0.0,71.91358
1,42,16,37,76,27,0.3,0.0925,0.00045,66.16512345679013
2,39,33,37,54,24,0.7000000000000002,0.0225,0.0009,72.41512345679013
3,50,23,33,50,22,0.5,0.0325,0.0005625,71.21913580246913
4,28,26,38,66,20,0.5,0.0825,0.0001125,70.13888888888889
5,49,17,28,54,24,0.7000000000000002,0.0325,0.000225,71.21913580246913
6,41,18,49,50,14,0.2,0.0625,0.0,68.63425925925927
7,36,15,41,81,28,0.4,0.0525,0.000225,68.01697530864197
8,48,26,53,67,12,0.7000000000000002,0.0525,0.0009,71.52777777777777
9,49,26,40,79,26,0.3,0.0225,0.0,67.90123456790123
10,29,19,40,64,15,0.4,0.0125,0.000225,70.25462962962962
11,41,10,39,79,26,0.8,0.0225,0.0001125,71.41203703703704
12,29,23,49,68,23,0.8,0.0925,0.0001125,71.6820987654321
13,25,22,42,57,12,0.5,0.0825,0.000675,69.67592592592592
14,44,31,41,75,28,0.4,0.0725,0.0009,67.63117283950618
15,36,17,53,82,10,0.5,0.0125,0.000225,71.33487654320987
16,27,19,42,74,28,0.2,0.0725,0.0009,63.92746913580246
17,42,13,45,59,17,0.2,0.0625,0.00045,68.90432098765432
18,50,21,33,52,11,0.8,0.0125,0.0,72.06790123456791
19,45,14,36,62,20,0.8,0.0925,0.0,69.44444444444444
20,41,13,39,64,26,0.6000000000000001,0.0125,0.0,70.48611111111111
21,35,23,46,68,27,0.3,0.0225,0.0005625,66.39660493827161
22,26,12,43,52,18,0.7000000000000002,0.0925,0.000675,71.45061728395062
23,53,13,44,54,16,0.8,0.0725,0.0,70.1388888888889
24,34,35,36,59,23,0.3,0.0925,0.00045,67.24537037037038
25,47,23,37,68,29,0.2,0.0725,0.00045,64.69907407407408
26,48,32,50,68,12,0.5,0.0725,0.0001125,71.37345679012346
27,47,31,37,56,28,0.5,0.0325,0.0003375,68.78858024691357
28,50,31,40,64,15,0.7000000000000002,0.0625,0.000225,72.53086419753087
29,39,20,53,64,26,0.8,0.0725,0.000675,70.94907407407408
30,25,10,34,73,21,0.8,0.0925,0.0009,70.83333333333331
31,48,11,30,61,18,0.2,0.0225,0.0003375,67.93981481481482
32,47,12,29,58,17,0.3,0.0525,0.000225,69.71450617283952
33,36,14,40,78,17,0.7000000000000002,0.0725,0.0009,71.25771604938272
34,35,32,53,55,11,0.6000000000000001,0.0125,0.0,71.79783950617283
35,37,18,51,56,11,0.7000000000000002,0.0725,0.0,71.33487654320987
36,46,17,51,52,19,0.6000000000000001,0.0925,0.000675,69.56018518518518
37,29,33,31,57,27,0.3,0.0225,0.000675,66.9753086419753
38,36,19,46,73,28,0.2,0.0425,0.0003375,64.93055555555556
39,51,32,36,73,10,0.2,0.0925,0.0001125,69.29012345679013
40,44,12,37,69,23,0.7000000000000002,0.0525,0.000675,71.41203703703704
41,33,29,38,69,21,0.8,0.0525,0.0,71.91358024691358
42,47,14,31,72,29,0.7000000000000002,0.0725,0.0005625,71.18055555555556
43,34,35,35,59,23,0.8,0.0225,0.0009,73.8425925925926
44,37,27,49,61,19,0.6000000000000001,0.0525,0.000225,70.7175925925926
45,26,18,27,60,12,0.5,0.0725,0.0007875,70.25462962962962
46,26,20,28,82,22,0.4,0.0225,0.0009,68.63425925925927
47,50,30,30,62,10,0.7000000000000002,0.0925,0.0003375,70.56327160493828
48,29,34,27,61,11,0.5,0.0425,0.0,71.45061728395063
49,39,21,29,57,14,0.8,0.0425,0.000675,72.06790123456791
50,54,14,39,80,15,0.6000000000000001,0.0925,0.000225,68.67283950617283
51,27,13,40,52,22,0.7000000000000002,0.0225,0.0007875,71.83641975308643
52,36,25,25,65,26,0.7000000000000002,0.0225,0.0,71.06481481481482
53,42,20,31,62,18,0.4,0.0825,0.0009,69.56018518518518
54,37,13,34,68,28,0.2,0.0725,0.000225,66.85956790123457
55,40,16,33,71,29,0.5,0.0225,0.00045,70.67901234567903
56,26,31,53,61,29,0.5,0.0225,0.000675,68.5570987654321
57,50,15,47,53,26,0.5,0.0525,0.0009,69.67592592592592
58,49,31,27,59,26,0.7000000000000002,0.0325,0.0003375,71.87499999999999
59,35,33,41,57,27,0.7000000000000002,0.0825,0.0009,72.29938271604938
60,41,14,36,55,29,0.2,0.0425,0.0007875,65.93364197530863
61,32,16,51,79,28,0.2,0.0125,0.0003375,66.89814814814814
62,51,34,47,65,21,0.7000000000000002,0.0525,0.000675,70.83333333333333
63,45,20,31,79,14,0.8,0.0825,0.0007875,71.4891975308642
64,35,23,38,70,18,0.6000000000000001,0.0925,0.00045,70.67901234567903
65,50,29,27,57,13,0.2,0.0625,0.000225,70.56327160493828
66,35,35,33,78,25,0.3,0.0125,0.0001125,69.90740740740742
67,38,34,35,74,23,0.2,0.0525,0.0,66.39660493827161
68,32,27,39,82,29,0.8,0.0425,0.0001125,73.07098765432099
69,49,29,29,62,13,0.3,0.0625,0.000675,69.59876543209877
70,40,28,32,73,23,0.6000000000000001,0.0425,0.0001125,71.56635802469135
71,43,22,46,78,26,0.2,0.0825,0.0007875,64.93055555555556
72,47,26,38,82,23,0.7000000000000002,0.0125,0.0005625,71.60493827160494
73,40,15,41,72,23,0.4,0.0125,0.000225,69.02006172839506
74,48,32,26,75,11,0.3,0.0425,0.0005625,69.48302469135803
75,25,28,32,59,14,0.5,0.0525,0.0009,71.72067901234568
76,35,33,41,58,27,0.7000000000000002,0.0725,0.0003375,71.52777777777777
77,32,29,45,73,13,0.3,0.0725,0.0001125,69.98456790123457
78,26,29,48,56,27,0.4,0.0225,0.0007875,68.05555555555557
79,34,23,29,65,25,0.2,0.0925,0.000225,65.27777777777777
80,37,22,37,60,28,0.7000000000000002,0.0725,0.000225,72.18364197530863
81,30,27,32,52,17,0.2,0.0725,0.0005625,68.05555555555556
82,36,35,27,53,16,0.6000000000000001,0.0425,0.0007875,71.45061728395062
83,37,17,35,57,29,0.6000000000000001,0.0525,0.0009,71.2962962962963
84,39,14,29,60,15,0.8,0.0225,0.0001125,70.67901234567901
85,29,32,45,69,24,0.5,0.0225,0.00045,69.7145061728395
86,44,28,48,60,27,0.7000000000000002,0.0625,0.0,70.79475308641976
87,32,17,30,82,22,0.7000000000000002,0.0725,0.0005625,69.44444444444444
88,51,33,53,59,25,0.4,0.0825,0.0,67.93981481481481
89,46,23,53,57,23,0.8,0.0525,0.000225,71.83641975308643
90,42,28,36,64,22,0.8,0.0825,0.000675,71.33487654320987
91,44,24,28,60,16,0.8,0.0625,0.0,71.14197530864197
92,53,29,49,79,12,0.6000000000000001,0.0625,0.0003375,70.02314814814814
93,51,18,31,60,11,0.8,0.0225,0.000675,71.75925925925925
94,28,20,47,63,27,0.2,0.0525,0.0009,65.89506172839506
95,35,17,41,60,14,0.3,0.0625,0.0009,69.29012345679013
96,51,10,40,75,26,0.7000000000000002,0.0325,0.0001125,70.83333333333333
97,41,17,32,73,14,0.2,0.0225,0.0009,69.17438271604938
98,35,10,45,72,15,0.5,0.0825,0.000225,69.56018518518519
99,37,21,30,63,23,0.2,0.0525,0.0005625,67.12962962962962
100,46,30,41,65,14,0.2,0.0325,0.0,70.40895061728395
0,40,25,40,75,15,0.5,0.0625,0.0,71.91358
1,53,25,50,52,10,0.5,0.0125,0.0009,70.10030864197532
2,32,29,35,55,29,0.3,0.0325,0.0009,67.43827160493828
3,37,20,30,80,17,0.7000000000000002,0.0825,0.00045,71.18055555555557
4,41,28,40,70,23,0.3,0.0125,0.0003375,68.51851851851852
5,54,13,40,71,28,0.3,0.0825,0.000675,65.74074074074073
6,52,21,53,71,11,0.8,0.0825,0.0003375,69.7145061728395
7,51,24,25,68,29,0.4,0.0625,0.000225,68.28703703703704
8,27,29,31,82,11,0.6000000000000001,0.0925,0.000225,71.02623456790123
9,54,33,27,73,19,0.5,0.0325,0.0009,70.64043209876543
10,27,15,33,63,21,0.7000000000000002,0.0725,0.00045,70.29320987654322
11,53,21,46,70,24,0.7000000000000002,0.0625,0.0003375,70.64043209876543
12,26,11,27,52,12,0.3,0.0525,0.000675,68.1712962962963
13,48,26,34,56,20,0.7000000000000002,0.0625,0.0009,71.4891975308642
14,39,23,39,73,28,0.6000000000000001,0.0325,0.0003375,69.9074074074074
15,40,12,45,71,21,0.2,0.0825,0.000225,66.55092592592592
16,52,21,32,71,26,0.6000000000000001,0.0525,0.000225,70.1003086419753
17,52,18,29,77,21,0.4,0.0625,0.0009,68.5570987654321
18,29,12,40,79,12,0.5,0.0925,0.000675,69.32870370370371
19,38,26,42,55,23,0.3,0.0125,0.0003375,68.9429012345679
20,28,25,48,63,25,0.6000000000000001,0.0325,0.0009,69.75308641975307
21,32,10,31,50,21,0.7000000000000002,0.0425,0.0005625,70.87191358024693
22,48,26,43,66,23,0.6000000000000001,0.0725,0.0001125,70.52469135802468
23,38,34,46,78,10,0.7000000000000002,0.0125,0.0,71.25771604938271
24,26,14,51,61,15,0.5,0.0725,0.0,70.06172839506172
25,47,20,35,67,18,0.8,0.0625,0.00045,70.40895061728396
26,43,16,45,64,14,0.2,0.0225,0.0,68.75
27,50,12,41,69,13,0.2,0.0825,0.000675,68.20987654320987
28,29,26,27,69,25,0.4,0.0725,0.00045,68.09413580246913
29,41,19,37,70,28,0.5,0.0625,0.000675,68.3641975308642
30,28,23,46,64,14,0.5,0.0925,0.00045,71.06481481481481
31,27,34,49,80,15,0.7000000000000002,0.0925,0.0001125,71.25771604938272
32,45,22,52,78,20,0.3,0.0225,0.0009,67.93981481481484
33,40,30,44,70,26,0.4,0.0925,0.0003375,67.0138888888889
34,52,31,42,70,23,0.8,0.0725,0.0009,71.95216049382717
35,52,31,49,80,18,0.2,0.0825,0.0,67.78549382716048
36,52,23,50,78,27,0.2,0.0225,0.0005625,65.8179012345679
37,44,22,30,70,16,0.6000000000000001,0.0625,0.0005625,70.71759259259261
38,28,30,36,73,12,0.7000000000000002,0.0625,0.0,71.25771604938272
39,49,24,25,52,25,0.2,0.0725,0.0007875,67.05246913580248
40,47,23,40,62,27,0.8,0.0525,0.0009,71.79783950617285
41,29,29,28,60,20,0.3,0.0825,0.000225,67.16820987654322
42,34,25,43,70,16,0.4,0.0425,0.0,69.67592592592592
43,35,11,40,76,22,0.7000000000000002,0.0825,0.000225,70.52469135802468
44,31,32,45,68,22,0.7000000000000002,0.0225,0.0005625,70.48611111111111
45,43,17,47,50,25,0.4,0.0425,0.0001125,67.74691358024693
46,25,19,31,54,28,0.4,0.0225,0.0007875,68.55709876543209
47,49,16,42,51,18,0.4,0.0525,0.0001125,69.17438271604938
48,37,24,30,73,23,0.4,0.0225,0.0005625,69.83024691358024
49,54,17,26,82,20,0.3,0.0925,0.0001125,67.47685185185186
50,53,35,37,54,16,0.4,0.0425,0.000225,69.48302469135803
51,41,22,46,55,27,0.4,0.0525,0.0009,67.24537037037037
52,28,30,50,51,27,0.4,0.0525,0.0005625,67.90123456790124
53,46,13,43,53,12,0.7000000000000002,0.0525,0.000225,70.17746913580248
54,48,17,45,58,11,0.3,0.0325,0.0005625,68.78858024691357
55,29,13,33,53,23,0.5,0.0525,0.0,69.79166666666669
56,50,15,44,54,25,0.3,0.0625,0.000675,68.82716049382717
57,41,25,48,60,22,0.5,0.0225,0.0,68.44135802469135
58,40,12,37,54,11,0.6000000000000001,0.0425,0.0003375,70.5246913580247
59,48,34,36,53,25,0.6000000000000001,0.0525,0.0001125,70.21604938271605
60,46,15,53,53,14,0.8,0.0325,0.0009,70.06172839506172
61,44,14,30,53,10,0.3,0.0825,0.0003375,69.09722222222221
62,25,23,36,69,10,0.3,0.0225,0.0009,70.94907407407408
63,42,22,44,57,11,0.3,0.0425,0.000675,70.44753086419753
64,54,10,25,75,28,0.2,0.0525,0.00045,66.28086419753086
65,44,34,29,81,20,0.6000000000000001,0.0625,0.000225,70.06172839506173
66,47,28,38,82,12,0.2,0.0825,0.000675,68.47993827160494
67,28,31,41,68,14,0.7000000000000002,0.0925,0.0007875,70.17746913580248
68,51,25,48,67,22,0.6000000000000001,0.0925,0.00045,70.21604938271605
69,49,25,27,57,25,0.2,0.0725,0.0009,66.82098765432099
70,46,19,47,80,12,0.5,0.0725,0.0003375,70.7175925925926
71,40,31,37,70,27,0.7000000000000002,0.0125,0.0003375,71.875
72,30,19,47,50,19,0.2,0.0525,0.000225,67.86265432098766
73,38,15,46,76,23,0.3,0.0325,0.0009,68.44135802469135
74,50,31,39,67,19,0.4,0.0925,0.0005625,69.7145061728395
75,52,10,50,79,29,0.3,0.0125,0.000675,67.90123456790123
76,39,10,50,60,19,0.3,0.0825,0.000675,67.24537037037038
77,41,30,34,64,19,0.6000000000000001,0.0625,0.0001125,70.60185185185186
78,42,11,47,73,19,0.7000000000000002,0.0925,0.0005625,69.67592592592592
79,54,32,47,57,10,0.6000000000000001,0.0425,0.0001125,71.52777777777777
80,37,15,39,55,18,0.2,0.0325,0.0003375,69.09722222222221
81,37,17,45,57,12,0.5,0.0625,0.0003375,70.94907407407408
82,27,28,25,64,15,0.3,0.0225,0.0,69.17438271604938
83,39,22,48,67,12,0.7000000000000002,0.0325,0.0007875,71.37345679012347
84,49,23,27,58,20,0.4,0.0625,0.00045,69.67592592592592
85,47,13,33,65,28,0.3,0.0425,0.000225,66.97530864197532
86,29,10,26,69,15,0.7000000000000002,0.0325,0.0,70.37037037037035
87,30,22,43,76,22,0.7000000000000002,0.0425,0.000225,71.10339506172839
88,50,15,40,60,23,0.3,0.0325,0.00045,68.9429012345679
89,39,23,35,54,21,0.3,0.0125,0.0007875,68.51851851851852
90,39,30,25,80,25,0.8,0.0625,0.000675,72.22222222222223
91,45,19,51,69,10,0.5,0.0125,0.000225,70.75617283950618
92,38,35,42,62,11,0.5,0.0125,0.000675,71.02623456790123
93,25,33,25,76,10,0.5,0.0425,0.00045,71.6820987654321
94,35,23,45,78,11,0.7000000000000002,0.0425,0.000225,72.37654320987654
95,54,11,48,67,23,0.6000000000000001,0.0725,0.0,69.25154320987654
96,41,35,45,56,25,0.4,0.0425,0.0007875,68.40277777777777
97,39,25,27,69,18,0.8,0.0525,0.0,71.37345679012346
98,37,29,31,73,21,0.8,0.0425,0.0003375,72.56944444444444
99,52,35,28,71,16,0.6000000000000001,0.0125,0.0005625,71.18055555555557
100,27,32,48,59,10,0.8,0.0225,0.000225,72.87808641975307
0,40,25,40,75,15,0.5,0.0625,0.0,71.91358
1,46,14,51,64,15,0.7000000000000002,0.0225,0.00045,70.79475308641975
2,35,14,26,67,17,0.8,0.0325,0.0003375,70.79475308641976
3,28,18,25,70,23,0.5,0.0525,0.000675,67.7854938271605
4,37,15,42,67,22,0.4,0.0825,0.0007875,69.48302469135803
5,35,15,49,62,29,0.6000000000000001,0.0525,0.000225,70.06172839506172
6,36,21,46,81,20,0.4,0.0325,0.0007875,68.17129629629629
7,50,35,48,65,16,0.4,0.0425,0.0007875,69.25154320987653
8,29,29,27,59,17,0.7000000000000002,0.0425,0.00045,72.22222222222223
9,51,17,39,76,21,0.2,0.0125,0.0009,67.82407407407408
10,29,35,36,73,29,0.2,0.0125,0.000225,67.59259259259258
11,52,14,42,68,24,0.7000000000000002,0.0825,0.0,71.25771604938272
12,34,15,40,65,19,0.4,0.0725,0.0005625,69.44444444444444
13,30,28,40,77,17,0.7000000000000002,0.0625,0.0001125,70.75617283950616
14,36,12,32,69,29,0.7000000000000002,0.0225,0.0005625,73.22530864197532
15,30,25,35,69,23,0.2,0.0225,0.0001125,67.43827160493828
16,28,23,39,65,15,0.8,0.0125,0.000675,72.53086419753087
17,32,24,33,72,18,0.8,0.0625,0.0003375,71.02623456790124
18,34,34,28,77,11,0.6000000000000001,0.0225,0.000225,72.33796296296296
19,49,12,50,70,13,0.7000000000000002,0.0425,0.0009,70.79475308641975
20,54,28,50,76,16,0.4,0.0725,0.0,69.25154320987653
21,34,12,31,65,15,0.5,0.0725,0.0001125,69.7145061728395
22,50,14,53,50,18,0.3,0.0925,0.0003375,68.82716049382717
23,39,27,32,60,22,0.3,0.0325,0.0003375,68.40277777777777
24,40,20,32,63,15,0.4,0.0225,0.0003375,69.67592592592592
25,53,11,38,52,21,0.6000000000000001,0.0725,0.000675,70.02314814814815
26,40,25,39,78,17,0.5,0.0225,0.0,70.52469135802468
27,43,14,52,77,27,0.5,0.0325,0.0003375,69.02006172839508
28,25,10,43,73,28,0.4,0.0525,0.0001125,67.43827160493828
29,54,27,35,77,29,0.7000000000000002,0.0825,0.0003375,71.06481481481482
30,46,25,41,56,10,0.4,0.0625,0.0001125,70.64043209876544
31,39,18,47,64,29,0.2,0.0825,0.000225,64.00462962962962
32,52,18,46,63,12,0.5,0.0125,0.0009,69.90740740740742
33,39,15,43,80,19,0.8,0.0825,0.0003375,69.67592592592592
34,28,11,39,67,26,0.5,0.0625,0.000675,69.86882716049382
35,43,13,40,77,20,0.6000000000000001,0.0725,0.0001125,69.79166666666667
36,42,21,48,81,28,0.5,0.0425,0.0003375,68.05555555555557
37,43,13,50,55,18,0.5,0.0125,0.0003375,70.02314814814815
38,46,33,48,80,25,0.5,0.0725,0.0001125,68.51851851851853
39,46,34,51,70,12,0.7000000000000002,0.0225,0.00045,71.64351851851852
40,26,19,43,66,14,0.6000000000000001,0.0125,0.0003375,70.64043209876544
41,31,30,50,68,19,0.8,0.0725,0.0005625,71.99074074074073
42,54,30,31,64,24,0.3,0.0825,0.0003375,67.66975308641975
43,47,31,33,59,28,0.6000000000000001,0.0925,0.0003375,69.40586419753087
44,45,21,52,63,17,0.6000000000000001,0.0725,0.0009,70.02314814814815
45,51,34,53,69,10,0.5,0.0625,0.000675,70.64043209876543
46,31,17,36,75,24,0.2,0.0725,0.0003375,66.85956790123457
47,54,27,46,78,29,0.6000000000000001,0.0925,0.00045,69.83024691358024
48,39,11,51,66,16,0.3,0.0425,0.0007875,69.05864197530865
49,42,14,28,57,16,0.5,0.0825,0.000225,69.94598765432099
50,48,26,44,60,14,0.2,0.0325,0.0007875,68.44135802469137
51,45,17,38,66,17,0.8,0.0425,0.0005625,71.10339506172839
52,44,35,28,71,19,0.2,0.0625,0.000225,67.7854938271605
53,44,14,41,53,20,0.3,0.0325,0.0009,69.05864197530863
54,42,26,37,78,23,0.8,0.0325,0.00045,72.29938271604938
55,28,29,49,53,13,0.6000000000000001,0.0725,0.00045,70.02314814814815
56,42,15,27,56,11,0.3,0.0125,0.0001125,69.7145061728395
57,45,30,31,72,11,0.2,0.0225,0.00045,70.37037037037038
58,54,19,31,55,16,0.4,0.0625,0.000225,70.71759259259258
59,47,18,32,75,22,0.7000000000000002,0.0625,0.0007875,70.679012345679
60,45,10,53,77,13,0.5,0.0325,0.00045,68.90432098765432
61,39,23,37,70,28,0.3,0.0125,0.000225,69.48302469135803
62,40,31,41,70,19,0.5,0.0825,0.00045,70.71759259259258
63,29,26,40,82,27,0.4,0.0125,0.0005625,69.02006172839508
64,45,15,51,55,28,0.4,0.0325,0.0,68.9429012345679
65,28,20,27,54,25,0.7000000000000002,0.0425,0.0,71.99074074074073
66,39,19,35,55,18,0.5,0.0425,0.0007875,70.3317901234568
67,41,19,53,57,14,0.4,0.0125,0.0005625,70.25462962962963
68,29,13,51,59,28,0.3,0.0225,0.0009,67.66975308641975
69,31,19,25,61,20,0.4,0.0925,0.0001125,68.44135802469135
70,40,22,45,64,22,0.7000000000000002,0.0925,0.0,71.02623456790123
71,47,15,38,78,25,0.5,0.0425,0.0005625,69.48302469135803
72,30,24,32,78,23,0.2,0.0925,0.0005625,67.74691358024693
73,42,17,51,75,25,0.5,0.0225,0.0003375,68.82716049382715
74,54,11,52,57,29,0.7000000000000002,0.0925,0.0005625,71.25771604938272
75,30,33,29,75,13,0.2,0.0125,0.0003375,70.33179012345678
76,41,21,35,81,23,0.2,0.0625,0.000225,66.20370370370371
77,46,34,25,79,14,0.8,0.0125,0.0009,72.18364197530863
78,32,31,29,74,17,0.3,0.0425,0.000225,69.90740740740742
79,33,14,53,51,10,0.3,0.0525,0.00045,68.59567901234568
80,35,24,52,76,15,0.8,0.0725,0.000675,71.60493827160494
81,37,35,33,65,12,0.3,0.0525,0.0003375,70.44753086419752
82,28,20,50,69,15,0.5,0.0525,0.0001125,70.60185185185185
83,51,18,46,76,29,0.6000000000000001,0.0925,0.0003375,68.67283950617283
84,51,31,34,65,27,0.6000000000000001,0.0125,0.0,71.91358024691357
85,27,31,37,70,16,0.3,0.0125,0.000675,69.75308641975309
86,38,31,37,68,10,0.7000000000000002,0.0625,0.0001125,71.2962962962963
87,48,15,37,66,24,0.6000000000000001,0.0525,0.0005625,70.33179012345678
88,48,16,36,64,19,0.4,0.0725,0.0001125,68.86574074074075
89,43,21,39,61,15,0.3,0.0425,0.0003375,69.67592592592592
90,51,31,52,60,27,0.5,0.0825,0.00045,68.71141975308643
91,34,19,29,71,18,0.3,0.0525,0.000225,68.82716049382715
92,52,27,29,72,25,0.2,0.0825,0.000675,65.70216049382717
93,51,25,35,70,17,0.4,0.0225,0.0007875,69.67592592592592
94,52,25,28,61,22,0.7000000000000002,0.0225,0.0007875,72.29938271604938
95,27,29,25,57,23,0.4,0.0825,0.00045,68.24845679012346
96,48,10,33,75,23,0.7000000000000002,0.0325,0.000225,70.71759259259258
97,46,28,49,51,24,0.3,0.0925,0.0,67.74691358024693
98,27,12,30,79,11,0.5,0.0225,0.000225,69.17438271604937
99,27,25,48,53,29,0.8,0.0525,0.0009,72.80092592592592
100,43,17,40,51,20,0.3,0.0625,0.0005625,69.36728395061728
0,40,25,40,75,15,0.5,0.0625,0.0,71.91358
1,48,23,34,57,17,0.4,0.0625,0.0,70.13888888888889
2,31,24,43,69,10,0.2,0.0925,0.0003375,69.63734567901234
3,29,20,38,76,21,0.3,0.0225,0.000225,68.63425925925928
4,43,34,46,65,22,0.5,0.0525,0.0007875,69.21296296296296
5,49,35,47,59,17,0.3,0.0125,0.0003375,68.98148148148148
6,38,26,31,68,13,0.7000000000000002,0.0125,0.0009,71.875
7,39,12,42,82,23,0.7000000000000002,0.0525,0.000225,70.75617283950618
8,42,28,28,79,18,0.5,0.0325,0.00045,69.75308641975307
9,53,28,46,65,24,0.2,0.0125,0.0007875,67.43827160493828
10,26,29,25,78,20,0.3,0.0925,0.0009,67.51543209876542
11,33,30,46,81,22,0.3,0.0625,0.00045,66.20370370370372
12,34,23,28,75,29,0.7000000000000002,0.0525,0.00045,72.10648148148147
13,50,30,44,55,11,0.8,0.0625,0.0003375,72.37654320987654
14,37,32,29,77,18,0.6000000000000001,0.0925,0.0009,71.56635802469135
15,38,14,25,61,22,0.7000000000000002,0.0925,0.0009,70.06172839506172
16,32,31,41,51,15,0.6000000000000001,0.0825,0.0007875,71.64351851851853
17,52,27,28,76,25,0.3,0.0925,0.0001125,67.36111111111111
18,54,28,39,69,17,0.4,0.0125,0.00045,70.29320987654323
19,48,27,34,63,14,0.5,0.0925,0.0,70.5246913580247
20,28,29,41,74,12,0.4,0.0725,0.0003375,69.7145061728395
21,40,20,38,50,26,0.2,0.0225,0.0007875,66.93672839506172
22,34,22,51,78,22,0.2,0.0325,0.0001125,67.63117283950618
23,45,11,34,67,19,0.8,0.0925,0.000225,69.63734567901234
24,41,33,35,62,27,0.2,0.0125,0.0009,66.93672839506173
25,31,27,43,53,17,0.5,0.0225,0.0,70.91049382716051
26,31,29,30,63,24,0.6000000000000001,0.0725,0.0001125,70.71759259259257
27,30,21,39,56,23,0.8,0.0925,0.0009,71.33487654320989
28,38,13,31,56,28,0.3,0.0925,0.000225,67.20679012345678
29,31,23,51,66,14,0.3,0.0125,0.0005625,69.56018518518519
30,27,11,49,73,25,0.4,0.0725,0.00045,67.82407407407408
31,37,32,46,70,11,0.2,0.0525,0.0009,70.33179012345678
32,43,27,49,65,15,0.5,0.0525,0.0003375,69.94598765432099
33,42,27,46,64,10,0.3,0.0525,0.00045,71.75925925925925
34,44,11,32,66,19,0.4,0.0625,0.0007875,69.09722222222223
35,54,11,39,57,27,0.3,0.0925,0.0003375,66.3966049382716
36,25,10,33,53,27,0.8,0.0325,0.0003375,74.0354938271605
37,34,34,33,54,13,0.7000000000000002,0.0525,0.0005625,71.60493827160492
38,26,13,29,65,27,0.2,0.0525,0.00045,66.89814814814814
39,31,22,51,63,12,0.4,0.0525,0.0009,70.71759259259258
40,28,26,28,52,29,0.3,0.0225,0.0001125,67.28395061728395
41,44,16,45,60,13,0.8,0.0825,0.000675,69.75308641975307
42,31,30,40,69,29,0.8,0.0825,0.0009,73.30246913580248
43,54,31,48,69,28,0.7000000000000002,0.0825,0.00045,70.06172839506172
44,30,17,32,64,27,0.8,0.0325,0.0003375,72.99382716049382
45,31,25,25,76,29,0.7000000000000002,0.0625,0.000225,72.2608024691358
46,52,16,37,60,12,0.6000000000000001,0.0325,0.0005625,70.5246913580247
47,35,15,46,62,17,0.5,0.0325,0.0005625,69.59876543209877
48,50,22,28,74,18,0.8,0.0125,0.000225,71.99074074074073
49,26,22,28,71,28,0.8,0.0725,0.0009,73.45679012345678
50,38,35,33,53,11,0.4,0.0525,0.000675,70.98765432098766
51,51,25,37,52,25,0.3,0.0125,0.0007875,69.94598765432097
52,42,11,37,59,22,0.7000000000000002,0.0425,0.0001125,70.75617283950618
53,25,12,51,63,16,0.8,0.0425,0.0007875,71.52777777777777
54,37,28,26,76,13,0.3,0.0625,0.0001125,70.56327160493828
55,46,15,46,58,29,0.7000000000000002,0.0225,0.0009,72.33796296296298
56,25,34,51,52,13,0.2,0.0925,0.0007875,69.67592592592592
57,34,27,34,68,15,0.8,0.0625,0.0007875,72.14506172839506
58,25,29,41,65,18,0.6000000000000001,0.0625,0.000675,70.64043209876543
59,31,16,29,50,12,0.8,0.0525,0.0009,71.37345679012346
60,53,11,37,53,19,0.7000000000000002,0.0925,0.000225,70.1003086419753
61,43,16,35,76,16,0.6000000000000001,0.0225,0.000225,70.91049382716048
62,50,35,47,65,15,0.6000000000000001,0.0325,0.0007875,70.79475308641976
63,50,14,51,50,25,0.5,0.0625,0.0003375,70.60185185185185
64,25,30,38,57,28,0.2,0.0325,0.000675,66.12654320987654
65,53,29,29,50,14,0.5,0.0825,0.00045,70.37037037037037
66,54,32,50,63,13,0.4,0.0925,0.000225,68.20987654320987
67,27,15,42,69,28,0.8,0.0725,0.0,72.14506172839506
68,42,15,26,56,12,0.4,0.0225,0.0003375,68.59567901234567
69,38,19,49,54,25,0.6000000000000001,0.0425,0.000225,69.90740740740742
70,39,16,43,57,11,0.2,0.0725,0.0005625,68.63425925925925
71,31,27,49,77,25,0.3,0.0625,0.000225,65.35493827160494
72,41,24,35,51,15,0.5,0.0525,0.000675,70.40895061728395
73,46,26,40,56,27,0.4,0.0525,0.000225,67.5925925925926
74,54,28,39,53,25,0.6000000000000001,0.0525,0.0005625,70.60185185185185
75,41,35,45,72,19,0.8,0.0325,0.0005625,71.6820987654321
76,41,27,38,79,16,0.2,0.0525,0.0,68.59567901234568
77,38,33,39,53,18,0.2,0.0125,0.0,68.86574074074073
78,51,10,44,70,13,0.2,0.0225,0.0009,68.01697530864197
79,33,21,43,82,24,0.6000000000000001,0.0625,0.0001125,69.40586419753086
80,52,11,29,64,10,0.2,0.0625,0.0,68.32561728395062
81,45,10,44,70,26,0.8,0.0625,0.0,72.45370370370371
82,41,27,46,77,12,0.5,0.0825,0.0007875,70.83333333333333
83,31,32,46,82,28,0.3,0.0525,0.0005625,65.20061728395062
84,28,33,29,55,27,0.8,0.0125,0.000675,73.49537037037038
85,39,22,39,79,16,0.5,0.0725,0.0009,69.71450617283952
86,33,22,43,60,11,0.3,0.0525,0.0005625,70.17746913580248
87,50,26,45,79,26,0.5,0.0325,0.0007875,67.97839506172839
88,31,28,39,82,28,0.4,0.0425,0.0007875,66.82098765432099
89,37,10,47,77,25,0.3,0.0425,0.000675,67.74691358024691
90,44,24,37,59,11,0.4,0.0325,0.00045,70.33179012345678
91,32,35,37,76,13,0.2,0.0625,0.0001125,69.21296296296296
92,29,22,48,52,17,0.6000000000000001,0.0625,0.0001125,71.91358024691357
93,36,31,26,58,15,0.3,0.0925,0.0,69.05864197530863
94,36,29,42,63,15,0.5,0.0925,0.0003375,69.7145061728395
95,40,32,40,74,11,0.5,0.0825,0.0001125,70.25462962962962
96,50,19,29,60,15,0.7000000000000002,0.0825,0.000675,69.59876543209876
97,37,24,30,50,13,0.8,0.0725,0.0001125,70.87191358024693
98,40,21,33,68,16,0.4,0.0925,0.00045,70.48611111111113
99,32,20,42,70,29,0.4,0.0325,0.0009,67.32253086419752
100,39,15,27,72,17,0.8,0.0325,0.000675,70.44753086419752
0,40,25,40,75,15,0.5,0.0625,0.0,71.91358
1,28,29,45,65,13,0.7000000000000002,0.0525,0.0007875,72.37654320987654
2,34,29,47,71,21,0.5,0.0825,0.000675,70.02314814814815
3,32,15,53,73,21,0.2,0.0225,0.0001125,68.17129629629629
4,50,18,38,73,10,0.7000000000000002,0.0725,0.0,70.56327160493827
5,34,23,29,63,19,0.2,0.0925,0.000225,67.51543209876543
6,39,18,42,59,20,0.2,0.0325,0.0005625,67.0138888888889
7,26,19,31,70,27,0.8,0.0125,0.000675,73.6496913580247
8,54,11,41,58,25,0.4,0.0925,0.000225,69.44444444444444
9,35,22,42,76,13,0.7000000000000002,0.0425,0.000225,71.6820987654321
10,34,12,25,64,19,0.4,0.0125,0.0,68.86574074074075
11,37,18,44,57,27,0.4,0.0225,0.0003375,68.98148148148148
12,31,21,53,57,24,0.2,0.0525,0.0,66.04938271604938
13,50,24,42,67,20,0.3,0.0325,0.0001125,68.3641975308642
14,26,29,37,53,23,0.3,0.0425,0.0,68.59567901234568
15,31,26,48,51,14,0.4,0.0725,0.000225,70.02314814814815
16,37,25,33,78,20,0.2,0.0225,0.000225,68.75
17,25,30,42,66,14,0.2,0.0325,0.00045,70.10030864197532
18,25,25,35,50,12,0.2,0.0325,0.0001125,70.02314814814815
19,52,15,36,56,28,0.5,0.0325,0.0007875,70.1003086419753
20,38,21,45,59,14,0.6000000000000001,0.0325,0.00045,70.44753086419752
21,32,29,28,73,20,0.8,0.0225,0.0009,72.91666666666669
22,26,11,46,60,22,0.8,0.0425,0.0007875,72.22222222222223
23,49,30,52,54,28,0.2,0.0625,0.0001125,64.12037037037038
24,51,33,40,59,13,0.2,0.0725,0.0009,70.06172839506172
25,39,21,52,80,17,0.6000000000000001,0.0425,0.0001125,69.94598765432097
26,27,32,51,81,26,0.7000000000000002,0.0325,0.0007875,69.63734567901234
27,33,32,47,69,23,0.8,0.0625,0.0005625,71.37345679012346
28,52,34,49,73,26,0.8,0.0825,0.00045,72.22222222222223
29,36,20,41,68,15,0.6000000000000001,0.0825,0.000675,71.56635802469135
30,28,32,50,57,14,0.7000000000000002,0.0725,0.0003375,71.64351851851852
31,40,28,53,82,27,0.6000000000000001,0.0125,0.0001125,69.48302469135803
32,37,15,52,64,22,0.6000000000000001,0.0225,0.00045,70.29320987654322
33,27,11,42,50,28,0.7000000000000002,0.0825,0.0001125,70.83333333333333
34,26,29,26,54,20,0.2,0.0225,0.0003375,68.51851851851852
35,38,13,53,77,27,0.2,0.0725,0.0001125,64.62191358024691
36,45,11,26,70,27,0.8,0.0625,0.000225,70.60185185185186
37,46,20,51,76,20,0.6000000000000001,0.0125,0.000225,69.05864197530863
38,52,20,25,55,25,0.5,0.0725,0.0001125,68.98148148148148
39,41,13,35,61,24,0.6000000000000001,0.0125,0.0009,70.44753086419753
40,28,12,52,74,25,0.4,0.0625,0.00045,67.93981481481482
41,44,22,52,53,13,0.7000000000000002,0.0425,0.000675,70.83333333333334
42,44,23,48,60,10,0.6000000000000001,0.0925,0.0003375,70.17746913580248
43,50,15,32,68,17,0.3,0.0225,0.0009,69.56018518518519
44,29,13,36,71,11,0.7000000000000002,0.0225,0.00045,70.98765432098766
45,54,23,28,64,26,0.5,0.0525,0.00045,70.25462962962963
46,51,11,53,71,14,0.4,0.0325,0.0003375,68.67283950617283
47,29,12,32,58,15,0.7000000000000002,0.0525,0.00045,70.06172839506172
48,41,30,52,55,13,0.5,0.0925,0.0009,70.7175925925926
49,28,12,42,77,25,0.5,0.0125,0.0007875,70.33179012345678
50,37,26,41,61,17,0.3,0.0925,0.0001125,68.67283950617285
51,50,32,46,52,16,0.2,0.0225,0.0007875,68.98148148148148
52,26,12,38,82,12,0.6000000000000001,0.0825,0.0003375,68.98148148148148
53,46,33,41,82,13,0.5,0.0925,0.00045,69.05864197530865
54,26,32,48,55,12,0.6000000000000001,0.0425,0.0,70.67901234567901
55,38,17,30,66,21,0.2,0.0725,0.00045,66.55092592592592
56,44,21,27,73,15,0.5,0.0325,0.0,68.75
57,50,33,37,77,26,0.7000000000000002,0.0425,0.00045,71.91358024691357
58,26,16,50,75,11,0.6000000000000001,0.0125,0.0009,70.94907407407408
59,30,15,34,52,26,0.3,0.0725,0.000675,68.40277777777777
60,33,34,37,82,13,0.2,0.0925,0.0009,68.28703703703702
61,29,29,46,69,29,0.2,0.0425,0.0007875,63.92746913580246
62,39,13,49,80,23,0.7000000000000002,0.0825,0.0003375,68.82716049382717
63,38,34,47,78,10,0.7000000000000002,0.0625,0.000675,72.10648148148148
64,52,32,37,59,25,0.8,0.0825,0.0003375,71.14197530864197
65,44,24,49,72,26,0.3,0.0125,0.0001125,68.71141975308642
66,36,19,50,68,20,0.4,0.0425,0.000675,68.71141975308643
67,26,19,28,81,26,0.5,0.0425,0.0009,69.75308641975307
68,54,30,29,73,22,0.5,0.0325,0.0005625,70.37037037037038
69,36,14,32,54,24,0.2,0.0725,0.0003375,69.21296296296296
70,32,32,45,59,25,0.5,0.0425,0.0007875,68.78858024691358
71,46,31,39,57,27,0.3,0.0325,0.0009,67.59259259259258
72,52,17,47,68,17,0.8,0.0925,0.0005625,69.94598765432099
73,34,31,41,82,12,0.6000000000000001,0.0225,0.0009,72.02932098765433
74,46,29,43,66,15,0.4,0.0225,0.0009,71.25771604938271
75,48,15,42,77,24,0.5,0.0325,0.000675,68.28703703703704
76,26,16,34,78,20,0.6000000000000001,0.0125,0.0005625,70.29320987654322
77,53,26,42,58,16,0.3,0.0425,0.00045,69.25154320987654
78,28,25,45,67,19,0.4,0.0325,0.0009,69.40586419753086
79,41,29,33,53,12,0.3,0.0925,0.0009,69.44444444444446
80,44,12,42,67,17,0.8,0.0425,0.0009,71.14197530864197
81,30,28,46,58,29,0.5,0.0525,0.000225,68.67283950617285
82,25,19,32,71,24,0.3,0.0825,0.000225,67.55401234567901
83,50,12,31,61,14,0.2,0.0225,0.000225,69.02006172839506
84,34,26,45,81,11,0.7000000000000002,0.0125,0.00045,71.72067901234567
85,54,18,37,72,20,0.5,0.0625,0.000225,69.40586419753086
86,45,32,29,69,28,0.6000000000000001,0.0825,0.0007875,70.44753086419752
87,32,16,47,50,24,0.6000000000000001,0.0425,0.0003375,70.13888888888889
88,31,28,33,55,23,0.6000000000000001,0.0625,0.0,71.45061728395062
89,30,14,31,53,11,0.7000000000000002,0.0925,0.0007875,70.1003086419753
90,43,21,30,63,17,0.2,0.0325,0.0009,69.1358024691358
91,33,21,42,58,24,0.4,0.0425,0.00045,69.02006172839508
92,38,34,51,57,11,0.5,0.0425,0.000675,71.6820987654321
93,38,28,32,61,27,0.5,0.0825,0.00045,69.09722222222221
94,40,19,42,63,23,0.5,0.0325,0.0,68.78858024691357
95,45,19,41,58,18,0.5,0.0825,0.000675,69.09722222222223
96,46,14,31,59,18,0.4,0.0725,0.0,69.40586419753087
97,31,13,32,65,20,0.5,0.0325,0.0005625,69.75308641975309
98,37,26,37,71,28,0.7000000000000002,0.0525,0.0001125,71.75925925925925
99,39,24,46,78,10,0.8,0.0225,0.0,72.14506172839506
100,37,29,28,73,23,0.8,0.0825,0.0007875,72.18364197530863
0,40,25,40,75,15,0.5,0.0625,0.0,71.91358
1,40,31,50,68,26,0.2,0.0825,0.0007875,65.20061728395063
2,52,10,45,55,26,0.8,0.0225,0.000675,72.18364197530865
3,33,25,38,73,18,0.5,0.0925,0.0003375,70.25462962962963
4,26,35,44,54,16,0.2,0.0225,0.0009,69.29012345679013
5,42,27,53,59,27,0.2,0.0925,0.0009,64.31327160493827
6,39,33,29,77,23,0.8,0.0925,0.000675,71.52777777777779
7,51,31,46,58,28,0.6000000000000001,0.0725,0.0005625,69.1358024691358
8,53,10,41,72,24,0.2,0.0525,0.0007875,65.89506172839506
9,35,27,45,55,17,0.2,0.0125,0.0,69.56018518518518
10,25,28,48,82,11,0.7000000000000002,0.0225,0.000675,70.79475308641975
11,34,15,27,58,17,0.2,0.0825,0.000675,68.63425925925925
12,28,27,52,63,18,0.7000000000000002,0.0225,0.000675,71.2962962962963
13,51,18,40,67,11,0.5,0.0325,0.0,71.06481481481482
14,39,21,31,77,24,0.3,0.0925,0.000675,66.89814814814815
15,41,19,52,73,27,0.3,0.0825,0.0005625,66.35802469135803
16,25,20,46,70,11,0.5,0.0925,0.00045,70.17746913580248
17,52,13,34,69,29,0.5,0.0725,0.000225,69.94598765432099
18,42,31,28,66,18,0.8,0.0925,0.0003375,70.44753086419752
19,35,10,36,82,27,0.5,0.0125,0.00045,69.59876543209877
20,28,33,42,54,10,0.5,0.0425,0.0009,71.10339506172838
21,31,33,32,79,12,0.8,0.0425,0.0003375,72.99382716049382
22,34,18,52,67,19,0.4,0.0425,0.0003375,68.82716049382715
23,28,35,47,64,14,0.7000000000000002,0.0725,0.0,71.48919753086419
24,30,21,49,82,26,0.5,0.0225,0.00045,69.48302469135803
25,49,12,53,70,27,0.7000000000000002,0.0625,0.000225,71.14197530864197
26,45,32,29,56,16,0.7000000000000002,0.0825,0.00045,70.79475308641976
27,28,33,27,65,27,0.7000000000000002,0.0425,0.0007875,72.26080246913581
28,38,27,44,81,27,0.8,0.0225,0.0,73.64969135802471
29,33,19,34,62,14,0.7000000000000002,0.0525,0.0005625,71.41203703703702
30,39,26,29,54,22,0.7000000000000002,0.0225,0.000225,71.52777777777777
31,30,23,42,76,23,0.3,0.0225,0.0001125,67.12962962962963
32,44,11,41,78,27,0.4,0.0325,0.0007875,68.01697530864197
33,51,35,44,75,29,0.4,0.0925,0.0005625,65.89506172839508
34,26,20,47,77,20,0.8,0.0325,0.0007875,71.79783950617285
35,42,29,51,57,10,0.2,0.0925,0.0,69.9074074074074
36,52,32,35,50,29,0.7000000000000002,0.0525,0.0003375,73.49537037037038
37,39,15,48,55,27,0.6000000000000001,0.0225,0.000225,70.29320987654322
38,36,23,40,59,18,0.6000000000000001,0.0125,0.0005625,70.91049382716048
39,43,17,48,50,16,0.7000000000000002,0.0725,0.0009,70.98765432098766
40,44,25,50,79,16,0.6000000000000001,0.0125,0.0005625,70.29320987654322
41,29,23,38,72,19,0.8,0.0425,0.000675,71.95216049382717
42,26,16,34,61,22,0.6000000000000001,0.0825,0.0009,69.67592592592592
43,43,15,34,67,19,0.4,0.0425,0.00045,69.09722222222223
44,46,25,38,50,11,0.7000000000000002,0.0825,0.000225,71.68209876543209
45,28,11,41,70,13,0.2,0.0425,0.000675,68.17129629629629
46,29,25,27,70,21,0.5,0.0625,0.000675,69.9074074074074
47,35,19,30,76,19,0.3,0.0625,0.0007875,67.74691358024693
48,36,16,36,64,16,0.7000000000000002,0.0625,0.000675,70.10030864197532
49,51,12,50,67,15,0.3,0.0425,0.000675,70.3317901234568
50,34,20,49,57,16,0.5,0.0425,0.0007875,69.94598765432099
51,41,29,29,66,29,0.4,0.0225,0.0,68.24845679012346
52,34,29,36,54,27,0.2,0.0625,0.000675,65.16203703703702
53,35,32,31,51,24,0.7000000000000002,0.0125,0.0,72.22222222222223
54,28,31,30,66,24,0.4,0.0625,0.0009,68.47993827160494
55,29,14,50,80,22,0.3,0.0725,0.0003375,68.78858024691357
56,50,23,42,56,25,0.2,0.0125,0.0009,67.82407407407406
57,32,20,40,65,12,0.7000000000000002,0.0525,0.0,70.67901234567903
58,26,34,27,52,19,0.3,0.0225,0.0001125,69.86882716049382
59,44,24,53,56,24,0.5,0.0625,0.0007875,69.63734567901236
60,27,30,38,63,16,0.7000000000000002,0.0225,0.000675,70.87191358024691
61,41,26,36,71,28,0.3,0.0225,0.0009,67.7854938271605
62,53,31,48,76,12,0.3,0.0825,0.000675,69.36728395061729
63,26,18,32,77,26,0.3,0.0525,0.0003375,67.32253086419753
64,49,13,45,54,25,0.3,0.0625,0.0007875,68.28703703703702
65,34,14,38,79,28,0.3,0.0225,0.0003375,67.93981481481481
66,25,28,45,67,27,0.5,0.0125,0.0007875,70.06172839506173
67,26,35,49,66,25,0.3,0.0525,0.00045,66.70524691358025
68,40,33,27,81,20,0.2,0.0825,0.0007875,67.55401234567903
69,36,26,26,57,15,0.6000000000000001,0.0425,0.0005625,71.18055555555556
70,32,32,33,68,25,0.5,0.0525,0.0001125,68.74999999999999
71,26,26,36,60,13,0.4,0.0125,0.0007875,70.75617283950618
72,41,24,48,82,20,0.8,0.0625,0.00045,70.94907407407408
73,32,17,29,67,22,0.2,0.0225,0.000675,68.13271604938272
74,25,10,52,62,19,0.8,0.0325,0.0001125,71.18055555555556
75,42,32,37,74,18,0.8,0.0625,0.0001125,72.45370370370371
76,41,12,43,64,28,0.5,0.0725,0.00045,68.24845679012347
77,47,33,47,66,10,0.3,0.0625,0.0003375,70.83333333333333
78,31,24,44,60,29,0.3,0.0225,0.0009,67.32253086419755
79,38,24,46,53,19,0.4,0.0925,0.000225,68.47993827160494
80,25,10,34,81,21,0.7000000000000002,0.0125,0.0007875,70.21604938271605
81,40,27,39,57,18,0.2,0.0825,0.0007875,68.71141975308642
82,43,34,46,78,20,0.4,0.0125,0.00045,69.63734567901234
83,49,21,35,56,11,0.6000000000000001,0.0825,0.000225,70.7175925925926
84,25,22,43,56,10,0.3,0.0225,0.0007875,71.33487654320987
85,54,35,34,64,16,0.5,0.0325,0.0009,71.33487654320987
86,46,15,50,66,17,0.8,0.0925,0.0,69.94598765432099
87,45,28,32,67,16,0.6000000000000001,0.0725,0.0001125,71.56635802469135
88,34,28,52,56,18,0.7000000000000002,0.0325,0.0003375,71.33487654320987
89,31,32,49,62,11,0.8,0.0325,0.0009,72.53086419753086
90,27,16,27,81,21,0.6000000000000001,0.0525,0.0001125,70.21604938271605
91,49,34,49,61,11,0.6000000000000001,0.0825,0.000225,71.83641975308643
92,37,25,52,61,20,0.4,0.0925,0.0,69.83024691358024
93,30,31,34,82,23,0.5,0.0425,0.0007875,70.79475308641975
94,32,28,35,71,29,0.8,0.0825,0.0003375,73.57253086419752
95,43,13,53,55,20,0.5,0.0325,0.0007875,69.13580246913581
96,49,22,51,76,21,0.7000000000000002,0.0425,0.000225,70.56327160493827
97,33,31,37,69,20,0.2,0.0825,0.0009,68.86574074074073
98,43,31,42,70,24,0.4,0.0725,0.0001125,68.51851851851852
99,41,25,49,54,17,0.5,0.0125,0.0001125,70.33179012345678
100,43,32,40,65,20,0.7000000000000002,0.0125,0.000225,71.60493827160494
0,40,25,40,75,15,0.5,0.0625,0.0,71.91358
1,48,20,28,56,17,0.4,0.0725,0.0001125,69.13580246913581
2,52,15,27,57,23,0.3,0.0425,0.0001125,69.79166666666669
3,27,31,50,56,19,0.4,0.0725,0.000675,68.24845679012346
4,38,14,26,54,15,0.7000000000000002,0.0225,0.000225,70.7175925925926
5,43,32,42,52,11,0.5,0.0425,0.0001125,71.25771604938272
6,25,32,28,51,25,0.4,0.0225,0.0007875,69.44444444444444
7,53,29,38,68,26,0.3,0.0925,0.000675,66.7824074074074
8,29,26,28,68,22,0.5,0.0625,0.000225,69.94598765432097
9,42,30,49,65,10,0.7000000000000002,0.0625,0.0009,72.95524691358025
10,48,32,27,80,20,0.3,0.0225,0.000675,67.93981481481482
11,49,21,37,50,13,0.6000000000000001,0.0425,0.00045,71.02623456790121
12,50,28,45,80,15,0.5,0.0825,0.000225,69.05864197530865
13,36,22,52,50,28,0.6000000000000001,0.0925,0.00045,70.17746913580247
14,44,29,37,54,10,0.2,0.0425,0.000225,70.40895061728396
15,28,24,32,51,14,0.3,0.0825,0.0,70.44753086419752
16,34,33,45,81,26,0.2,0.0525,0.0005625,64.4675925925926
17,50,34,40,60,23,0.6000000000000001,0.0225,0.0,70.52469135802468
18,39,35,35,81,13,0.7000000000000002,0.0925,0.0005625,70.25462962962962
19,37,28,29,71,24,0.7000000000000002,0.0625,0.000675,70.83333333333333
20,35,15,48,67,18,0.7000000000000002,0.0625,0.0007875,70.37037037037038
21,46,33,44,59,20,0.6000000000000001,0.0725,0.0007875,70.06172839506173
22,45,27,50,75,16,0.5,0.0825,0.0009,70.13888888888889
23,39,25,37,75,12,0.3,0.0225,0.0003375,70.48611111111113
24,26,25,36,76,17,0.7000000000000002,0.0425,0.0007875,71.41203703703702
25,44,11,27,61,22,0.4,0.0625,0.000225,68.75
26,45,23,49,81,18,0.7000000000000002,0.0925,0.0005625,70.17746913580247
27,49,26,39,74,23,0.5,0.0825,0.0009,68.44135802469135
28,44,12,31,73,19,0.3,0.0525,0.00045,67.63117283950616
29,44,19,52,73,19,0.5,0.0725,0.0005625,68.59567901234567
30,33,22,33,68,24,0.2,0.0425,0.0,67.28395061728395
31,32,25,32,80,29,0.5,0.0825,0.000675,69.09722222222223
32,48,15,38,57,12,0.7000000000000002,0.0225,0.0005625,70.56327160493827
33,42,26,40,67,10,0.3,0.0125,0.0005625,70.60185185185185
34,47,32,28,67,15,0.5,0.0325,0.0005625,70.40895061728395
35,33,15,37,73,20,0.6000000000000001,0.0925,0.0,69.44444444444446
36,45,16,34,72,12,0.4,0.0825,0.00045,68.44135802469137
37,37,15,44,75,21,0.6000000000000001,0.0125,0.0005625,68.90432098765432
38,38,21,30,65,22,0.2,0.0125,0.0007875,68.5570987654321
39,49,29,39,65,14,0.2,0.0725,0.00045,70.25462962962962
40,43,29,32,74,19,0.2,0.0625,0.00045,66.20370370370371
41,46,30,42,71,12,0.7000000000000002,0.0125,0.0005625,73.30246913580247
42,30,10,26,79,10,0.5,0.0625,0.0007875,68.67283950617283
43,27,32,30,72,10,0.2,0.0425,0.0001125,70.17746913580247
44,48,10,47,58,13,0.5,0.0325,0.0001125,69.56018518518519
45,47,23,44,75,10,0.6000000000000001,0.0825,0.000225,70.17746913580247
46,34,35,34,63,24,0.2,0.0225,0.00045,67.93981481481481
47,29,35,47,76,15,0.4,0.0325,0.0009,69.56018518518518
48,54,26,46,63,19,0.2,0.0925,0.0007875,68.36419753086419
49,29,34,31,65,13,0.3,0.0625,0.0009,70.7175925925926
50,37,22,30,68,12,0.5,0.0725,0.0009,69.98456790123457
51,51,23,36,82,17,0.6000000000000001,0.0425,0.0009,69.44444444444444
52,51,18,27,60,22,0.4,0.0125,0.0,68.82716049382717
53,40,26,36,61,10,0.3,0.0925,0.0005625,69.29012345679013
54,36,33,43,70,27,0.5,0.0225,0.0007875,68.78858024691358
55,31,13,29,58,20,0.3,0.0325,0.0009,68.40277777777777
56,25,13,45,78,25,0.2,0.0825,0.0003375,66.51234567901234
57,45,30,41,53,19,0.4,0.0825,0.000225,68.5570987654321
58,44,29,46,50,28,0.3,0.0425,0.0009,67.47685185185185
59,46,35,43,75,20,0.3,0.0925,0.0009,66.74382716049382
60,46,15,35,57,14,0.3,0.0325,0.000225,68.3641975308642
61,41,35,26,59,23,0.8,0.0125,0.0,73.68827160493827
62,41,20,51,75,18,0.7000000000000002,0.0925,0.0003375,69.83024691358024
63,52,12,27,65,19,0.7000000000000002,0.0125,0.0007875,70.98765432098764
64,32,22,52,73,22,0.7000000000000002,0.0625,0.0007875,71.02623456790123
65,32,12,52,79,12,0.2,0.0425,0.0009,68.3641975308642
66,44,21,26,59,13,0.5,0.0125,0.000225,71.02623456790121
67,31,11,36,61,20,0.8,0.0525,0.0009,71.48919753086419
68,53,32,36,74,21,0.5,0.0125,0.0001125,70.33179012345678
69,37,13,30,52,15,0.6000000000000001,0.0425,0.0005625,70.44753086419753
70,48,21,28,60,27,0.3,0.0825,0.00045,67.43827160493827
71,42,18,43,73,27,0.7000000000000002,0.0925,0.0005625,70.48611111111111
72,25,17,35,67,16,0.2,0.0425,0.0,68.17129629629629
73,45,14,39,67,23,0.8,0.0925,0.000225,69.94598765432099
74,26,21,26,50,24,0.5,0.0625,0.000675,70.29320987654322
75,52,17,31,68,20,0.5,0.0925,0.00045,69.17438271604938
76,44,16,53,76,18,0.4,0.0225,0.0001125,68.47993827160494
77,37,13,31,71,18,0.5,0.0125,0.00045,70.29320987654322
78,25,17,43,68,20,0.7000000000000002,0.0925,0.000675,68.86574074074073
79,52,24,45,50,24,0.5,0.0925,0.0003375,68.86574074074073
80,42,21,47,69,26,0.4,0.0325,0.0009,68.1712962962963
81,37,18,43,74,18,0.4,0.0825,0.000225,69.36728395061728
82,26,23,28,74,17,0.2,0.0425,0.0005625,67.97839506172839
83,44,21,29,66,20,0.6000000000000001,0.0425,0.0001125,70.75617283950618
84,29,31,37,73,27,0.7000000000000002,0.0525,0.0,70.7175925925926
85,42,14,46,75,11,0.6000000000000001,0.0225,0.0007875,70.10030864197532
86,32,35,52,81,23,0.8,0.0725,0.0001125,71.45061728395062
87,46,17,34,57,19,0.4,0.0225,0.0007875,69.75308641975307
88,31,10,32,57,17,0.3,0.0825,0.00045,68.59567901234567
89,40,19,34,52,11,0.6000000000000001,0.0125,0.0005625,70.56327160493827
90,27,12,43,66,13,0.3,0.0525,0.0,69.44444444444444
91,25,35,51,82,28,0.8,0.0625,0.0007875,73.0324074074074
92,38,18,35,62,23,0.5,0.0325,0.00045,69.83024691358024
93,39,33,50,50,26,0.8,0.0925,0.0001125,71.06481481481482
94,41,10,28,63,17,0.7000000000000002,0.0125,0.0007875,70.79475308641976
95,42,27,44,62,18,0.8,0.0225,0.0009,71.18055555555557
96,34,15,33,77,22,0.3,0.0825,0.0003375,67.55401234567901
97,29,23,52,56,20,0.5,0.0325,0.00045,70.25462962962962
98,33,18,26,82,13,0.5,0.0425,0.0,69.17438271604938
99,45,30,41,63,22,0.2,0.0825,0.000225,67.93981481481482
100,25,30,49,52,11,0.5,0.0525,0.000225,71.37345679012346
0,40,25,40,75,15,0.5,0.0625,0.0,71.91358
1,39,12,46,79,15,0.2,0.0125,0.0009,68.5570987654321
2,50,32,40,79,22,0.5,0.0325,0.0001125,69.29012345679013
3,34,14,46,78,16,0.8,0.0525,0.0009,70.9104938271605
4,48,26,26,50,17,0.6000000000000001,0.0525,0.0009,70.94907407407408
5,34,32,45,74,29,0.5,0.0925,0.000675,68.40277777777777
6,52,23,34,82,15,0.3,0.0325,0.0009,68.90432098765432
7,54,17,37,63,25,0.6000000000000001,0.0725,0.0007875,70.13888888888889
8,45,10,26,59,25,0.8,0.0825,0.0001125,69.52160493827162
9,41,20,34,64,22,0.8,0.0925,0.0003375,71.60493827160494
10,25,13,51,50,25,0.2,0.0925,0.0003375,67.24537037037037
11,46,11,25,70,19,0.8,0.0725,0.0003375,69.86882716049382
12,36,27,30,80,29,0.6000000000000001,0.0625,0.000225,69.7145061728395
13,29,29,38,80,10,0.8,0.0925,0.0009,71.87499999999999
14,41,22,51,69,21,0.8,0.0525,0.0001125,71.72067901234568
15,54,26,36,60,25,0.2,0.0725,0.0,65.58641975308642
16,54,19,26,56,21,0.8,0.0425,0.0001125,71.875
17,54,34,49,51,11,0.3,0.0525,0.0001125,70.2932098765432
18,52,13,30,64,11,0.3,0.0725,0.0003375,68.9429012345679
19,25,35,52,79,24,0.5,0.0725,0.00045,68.75
20,44,20,32,79,18,0.8,0.0925,0.0005625,70.21604938271604
21,37,29,31,73,18,0.6000000000000001,0.0225,0.0001125,70.56327160493828
22,47,34,47,60,20,0.4,0.0925,0.0001125,69.32870370370371
23,52,10,37,69,11,0.3,0.0325,0.0001125,67.97839506172839
24,43,16,32,65,19,0.7000000000000002,0.0125,0.0007875,71.02623456790123
25,28,13,28,50,16,0.8,0.0325,0.0003375,71.18055555555556
26,31,32,36,78,18,0.2,0.0825,0.0005625,68.01697530864197
27,30,20,52,61,15,0.3,0.0425,0.0003375,68.98148148148148
28,34,12,48,76,29,0.6000000000000001,0.0625,0.0005625,69.75308641975309
29,52,14,35,60,28,0.6000000000000001,0.0125,0.000225,71.37345679012346
30,29,13,49,54,13,0.4,0.0225,0.0001125,69.09722222222223
31,33,25,52,62,27,0.4,0.0225,0.000675,66.55092592592592
32,43,10,34,75,29,0.6000000000000001,0.0325,0.000675,71.14197530864197
33,30,19,45,71,24,0.5,0.0725,0.00045,68.86574074074073
34,31,16,37,57,16,0.8,0.0125,0.0009,72.22222222222223
35,42,24,47,65,22,0.4,0.0925,0.0,68.59567901234567
36,27,10,25,71,22,0.4,0.0225,0.0001125,69.36728395061728
37,25,16,44,81,24,0.8,0.0125,0.0009,71.99074074074075
38,42,23,40,62,19,0.3,0.0525,0.0009,68.40277777777777
39,46,34,31,51,20,0.8,0.0125,0.0009,72.60802469135803
40,40,15,50,76,10,0.2,0.0825,0.0001125,68.32561728395062
41,44,19,49,69,26,0.7000000000000002,0.0425,0.0007875,72.06790123456791
42,51,24,47,51,29,0.8,0.0625,0.0,73.10956790123457
43,39,15,30,66,29,0.5,0.0625,0.000675,70.25462962962962
44,34,27,39,78,16,0.8,0.0625,0.000225,71.41203703703704
45,45,26,45,55,22,0.5,0.0625,0.000225,70.17746913580247
46,28,22,50,51,10,0.3,0.0225,0.0,70.13888888888889
47,31,23,41,53,21,0.4,0.0725,0.000225,68.71141975308643
48,52,23,53,63,12,0.4,0.0525,0.0003375,69.29012345679013
49,39,16,53,64,19,0.7000000000000002,0.0425,0.0009,69.90740740740742
50,46,15,44,61,17,0.7000000000000002,0.0425,0.0009,71.14197530864197
51,30,25,25,71,14,0.4,0.0825,0.0007875,70.17746913580247
52,26,28,37,60,13,0.8,0.0225,0.0001125,72.41512345679013
53,28,24,49,69,19,0.7000000000000002,0.0425,0.0003375,70.83333333333333
54,50,27,35,64,22,0.5,0.0125,0.0,70.52469135802468
55,44,13,31,59,17,0.8,0.0525,0.0005625,69.32870370370371
56,43,29,52,68,10,0.2,0.0225,0.000225,69.83024691358024
57,41,35,50,79,22,0.8,0.0225,0.0,71.75925925925925
58,45,25,36,80,26,0.3,0.0925,0.000225,66.51234567901234
59,52,11,28,68,20,0.5,0.0325,0.0,69.63734567901236
60,48,32,44,56,14,0.5,0.0525,0.0005625,70.60185185185185
61,30,16,32,72,26,0.6000000000000001,0.0725,0.0,69.90740740740742
62,44,29,25,75,25,0.4,0.0625,0.0007875,68.71141975308642
63,26,13,47,62,20,0.2,0.0625,0.0,67.63117283950616
64,50,30,53,53,25,0.8,0.0125,0.000675,73.14814814814817
65,25,23,46,79,20,0.5,0.0125,0.00045,70.13888888888889
66,46,10,43,58,27,0.5,0.0625,0.000225,69.79166666666667
67,34,33,52,82,26,0.5,0.0125,0.0005625,68.13271604938271
68,31,27,43,80,22,0.4,0.0425,0.0003375,68.82716049382717
69,26,27,26,54,11,0.8,0.0925,0.0,71.18055555555556
70,41,33,34,58,21,0.8,0.0225,0.0009,73.10956790123457
71,38,17,52,60,15,0.7000000000000002,0.0625,0.0007875,70.98765432098766
72,26,11,52,82,12,0.8,0.0125,0.0005625,70.25462962962962
73,32,17,38,65,15,0.4,0.0725,0.0,69.40586419753087
74,52,19,46,61,29,0.2,0.0825,0.00045,64.54475308641975
75,53,11,45,79,28,0.5,0.0625,0.0003375,67.66975308641975
76,54,32,33,53,15,0.3,0.0125,0.0,69.59876543209877
77,28,18,46,76,23,0.6000000000000001,0.0725,0.0003375,69.25154320987654
78,43,19,29,52,28,0.8,0.0925,0.0001125,72.0679012345679
79,45,27,44,62,17,0.2,0.0425,0.000225,68.28703703703704
80,43,30,32,82,21,0.8,0.0725,0.0005625,70.83333333333333
81,28,30,29,59,15,0.4,0.0825,0.0007875,69.71450617283949
82,38,19,47,71,18,0.4,0.0125,0.000225,69.67592592592592
83,42,31,41,70,19,0.3,0.0325,0.0,68.28703703703704
84,54,30,41,61,13,0.6000000000000001,0.0825,0.00045,71.41203703703704
85,34,35,42,76,22,0.4,0.0625,0.0003375,67.86265432098764
86,35,34,29,75,10,0.5,0.0725,0.000675,71.21913580246913
87,54,18,31,74,25,0.7000000000000002,0.0125,0.00045,71.33487654320987
88,51,32,44,51,26,0.6000000000000001,0.0325,0.0001125,70.91049382716048
89,26,11,38,55,23,0.7000000000000002,0.0925,0.0001125,70.75617283950618
90,45,10,31,61,19,0.5,0.0725,0.000675,69.09722222222223
91,28,20,50,60,28,0.4,0.0725,0.0005625,67.55401234567903
92,45,22,29,53,24,0.5,0.0725,0.00045,70.56327160493828
93,47,25,34,69,17,0.5,0.0825,0.0005625,70.29320987654322
94,48,15,44,66,14,0.4,0.0125,0.0003375,69.21296296296296
95,37,11,49,58,12,0.4,0.0225,0.0,68.47993827160494
96,29,33,52,52,18,0.4,0.0225,0.0,70.44753086419753
97,49,34,27,52,26,0.6000000000000001,0.0825,0.000675,70.98765432098764
98,40,26,52,69,11,0.7000000000000002,0.0625,0.000675,71.52777777777777
99,36,14,35,60,17,0.6000000000000001,0.0925,0.0,70.06172839506173
100,45,26,40,51,12,0.2,0.0325,0.0009,71.33487654320987
0,40,25,40,75,15,0.5,0.0625,0.0,71.91358
1,37,16,37,56,14,0.7000000000000002,0.0625,0.000225,71.37345679012346
2,27,28,27,75,12,0.4,0.0925,0.0007875,70.56327160493827
3,33,23,51,56,18,0.5,0.0625,0.0,69.44444444444444
4,44,29,30,76,17,0.2,0.0725,0.0003375,67.59259259259261
5,41,31,36,82,16,0.3,0.0825,0.0003375,68.01697530864197
6,49,20,41,65,29,0.4,0.0125,0.000225,68.78858024691357
7,25,29,40,68,22,0.5,0.0725,0.0005625,70.4861111111111
8,31,13,34,52,23,0.3,0.0325,0.0003375,67.97839506172838
9,41,18,45,59,12,0.2,0.0625,0.0,68.28703703703702
10,54,32,43,65,27,0.7000000000000002,0.0925,0.0,71.37345679012346
11,51,29,30,70,16,0.2,0.0325,0.0009,68.51851851851853
12,47,15,43,78,15,0.5,0.0725,0.0,68.47993827160494
13,48,21,51,66,19,0.6000000000000001,0.0425,0.000675,71.02623456790123
14,44,14,30,50,17,0.7000000000000002,0.0325,0.0,70.21604938271606
15,43,28,29,74,24,0.6000000000000001,0.0325,0.0007875,71.29629629629629
16,38,24,26,63,18,0.2,0.0625,0.000675,68.51851851851853
17,53,29,48,73,16,0.7000000000000002,0.0425,0.0009,70.7175925925926
18,41,10,38,72,26,0.7000000000000002,0.0925,0.0007875,71.72067901234567
19,53,35,37,55,23,0.6000000000000001,0.0925,0.0001125,70.37037037037037
20,29,35,49,75,22,0.2,0.0725,0.0001125,66.43518518518518
21,54,21,33,75,26,0.4,0.0325,0.0003375,68.28703703703704
22,37,17,41,75,22,0.5,0.0125,0.0001125,69.09722222222223
23,33,18,26,79,26,0.4,0.0525,0.0,67.66975308641976
24,29,13,51,70,26,0.2,0.0125,0.0005625,67.59259259259258
25,46,15,33,65,25,0.7000000000000002,0.0225,0.0003375,71.875
26,38,34,34,57,27,0.8,0.0525,0.000675,72.49228395061728
27,41,31,42,73,18,0.3,0.0525,0.0001125,68.86574074074073
28,25,21,27,58,22,0.8,0.0125,0.0003375,72.8395061728395
29,53,31,27,81,13,0.3,0.0125,0.0005625,70.10030864197532
30,38,10,30,59,18,0.5,0.0625,0.00045,69.1358024691358
31,43,30,37,76,15,0.3,0.0925,0.0009,68.24845679012347
32,37,26,36,77,28,0.6000000000000001,0.0625,0.0001125,70.17746913580247
33,50,32,46,77,21,0.4,0.0125,0.0001125,68.67283950617285
34,39,21,52,58,16,0.3,0.0525,0.0003375,68.47993827160494
35,43,35,29,68,10,0.7000000000000002,0.0925,0.00045,71.6820987654321
36,39,10,48,75,23,0.5,0.0925,0.0009,68.9429012345679
37,39,12,38,57,21,0.6000000000000001,0.0525,0.0009,69.17438271604938
38,38,13,49,50,10,0.8,0.0225,0.0001125,71.02623456790124
39,54,21,48,54,11,0.5,0.0525,0.0,70.75617283950618
40,52,17,48,56,15,0.4,0.0425,0.0003375,69.67592592592592
41,49,10,32,75,28,0.4,0.0425,0.0003375,68.51851851851853
42,50,18,42,75,22,0.3,0.0725,0.000675,67.24537037037038
43,33,33,45,68,25,0.6000000000000001,0.0125,0.0001125,70.98765432098766
44,44,28,41,51,20,0.4,0.0625,0.0001125,69.94598765432097
45,46,23,51,80,20,0.5,0.0525,0.00045,69.09722222222223
46,39,19,41,73,11,0.7000000000000002,0.0925,0.000675,69.9074074074074
47,37,21,48,52,14,0.2,0.0925,0.0009,67.82407407407408
48,48,24,37,79,22,0.4,0.0925,0.00045,67.47685185185185
49,53,15,43,50,26,0.2,0.0625,0.0003375,65.89506172839508
50,31,33,48,65,25,0.5,0.0825,0.0,67.43827160493828
51,52,18,29,66,27,0.6000000000000001,0.0225,0.0009,70.40895061728395
52,43,11,34,51,29,0.8,0.0325,0.000675,73.45679012345678
53,35,31,34,80,18,0.7000000000000002,0.0625,0.0007875,71.25771604938272
54,35,35,29,81,27,0.7000000000000002,0.0625,0.0,71.18055555555556
55,44,26,37,64,16,0.7000000000000002,0.0825,0.0009,70.98765432098764
56,54,14,39,64,17,0.7000000000000002,0.0125,0.00045,70.87191358024691
57,52,35,31,52,26,0.5,0.0625,0.0003375,69.29012345679013
58,33,34,38,67,29,0.3,0.0825,0.0,65.74074074074075
59,49,33,45,57,10,0.4,0.0125,0.0003375,71.06481481481481
60,32,12,33,81,24,0.8,0.0225,0.0,71.56635802469135
61,53,18,35,61,12,0.3,0.0125,0.0,70.67901234567903
62,52,10,29,54,21,0.8,0.0825,0.0007875,68.13271604938274
63,36,17,31,51,16,0.8,0.0525,0.0005625,71.14197530864197
64,54,31,51,60,23,0.7000000000000002,0.0325,0.0003375,71.10339506172839
65,30,25,50,63,19,0.8,0.0525,0.00045,72.02932098765432
66,46,24,38,62,13,0.3,0.0925,0.0,68.75
67,54,23,28,64,20,0.8,0.0925,0.0,70.25462962962962
68,34,27,43,56,18,0.8,0.0825,0.0009,71.79783950617283
69,36,30,43,76,24,0.8,0.0425,0.0005625,72.76234567901234
70,28,31,36,70,14,0.2,0.0225,0.0001125,69.44444444444444
71,42,12,26,63,12,0.8,0.0525,0.0,70.29320987654322
72,49,11,36,55,24,0.5,0.0425,0.0003375,69.9074074074074
73,48,25,31,74,10,0.8,0.0725,0.0005625,70.75617283950618
74,54,22,42,58,23,0.5,0.0525,0.0009,70.67901234567903
75,54,13,39,53,12,0.8,0.0325,0.0003375,71.75925925925927
76,43,17,34,66,25,0.3,0.0925,0.0,69.29012345679013
77,50,34,44,70,19,0.7000000000000002,0.0125,0.0003375,71.2962962962963
78,45,14,39,75,15,0.5,0.0325,0.000225,69.36728395061728
79,38,26,49,57,11,0.3,0.0725,0.00045,70.87191358024693
80,27,22,28,67,24,0.5,0.0325,0.000225,69.21296296296296
81,28,29,29,70,18,0.5,0.0325,0.0,69.48302469135803
82,49,30,47,67,25,0.5,0.0125,0.0003375,69.7145061728395
83,48,34,43,69,17,0.4,0.0425,0.0007875,69.40586419753086
84,51,33,51,58,27,0.4,0.0825,0.0001125,66.78240740740739
85,40,15,31,55,28,0.7000000000000002,0.0925,0.0001125,71.75925925925927
86,27,19,32,79,26,0.3,0.0625,0.00045,67.20679012345678
87,35,28,38,69,15,0.6000000000000001,0.0625,0.000675,71.56635802469135
88,26,30,32,70,13,0.2,0.0725,0.0007875,70.3317901234568
89,51,15,49,56,22,0.8,0.0425,0.0005625,71.87500000000001
90,30,28,35,66,27,0.8,0.0725,0.0003375,72.26080246913581
91,41,30,32,55,14,0.3,0.0225,0.0003375,69.98456790123457
92,41,35,51,77,26,0.8,0.0925,0.0001125,71.41203703703702
93,43,18,53,77,26,0.5,0.0225,0.0001125,69.56018518518518
94,47,12,46,61,25,0.6000000000000001,0.0825,0.00045,71.2962962962963
95,34,20,26,57,27,0.8,0.0925,0.0,70.87191358024693
96,42,34,36,81,25,0.7000000000000002,0.0125,0.0009,71.95216049382717
97,53,26,29,63,12,0.5,0.0825,0.0009,70.40895061728395
98,53,35,53,64,13,0.4,0.0125,0.00045,70.87191358024691
99,26,26,48,82,24,0.2,0.0325,0.0001125,65.70216049382717
100,53,19,47,60,21,0.3,0.0225,0.000675,68.86574074074073
0,40,25,40,75,15,0.5,0.0625,0.0,71.91358
1,25,15,27,80,27,0.2,0.0625,0.0005625,65.93364197530863
2,32,35,43,65,18,0.3,0.0625,0.0009,68.1712962962963
3,43,32,44,81,17,0.3,0.0725,0.00045,68.82716049382715
4,32,10,35,68,14,0.7000000000000002,0.0425,0.0003375,68.98148148148147
5,26,34,28,53,19,0.2,0.0725,0.0,67.93981481481482
6,29,14,49,81,28,0.6000000000000001,0.0725,0.0001125,68.78858024691358
7,43,26,40,67,28,0.2,0.0125,0.00045,67.82407407407408
8,39,21,25,50,15,0.4,0.0125,0.0009,69.90740740740739
9,46,26,45,52,22,0.8,0.0825,0.0007875,71.64351851851853
10,43,32,30,75,12,0.4,0.0925,0.0001125,68.98148148148147
11,28,34,32,69,24,0.4,0.0225,0.0001125,69.56018518518518
12,26,15,31,72,12,0.2,0.0425,0.0001125,68.36419753086419
13,46,35,48,56,27,0.8,0.0225,0.000675,73.57253086419753
14,42,26,29,72,13,0.5,0.0325,0.0005625,71.41203703703702
15,26,11,39,70,27,0.8,0.0425,0.000675,71.83641975308642
16,35,21,46,70,10,0.7000000000000002,0.0125,0.00045,71.21913580246914
17,30,21,27,80,22,0.6000000000000001,0.0625,0.0003375,70.02314814814815
18,54,27,46,65,22,0.7000000000000002,0.0625,0.0003375,70.33179012345678
19,41,30,43,72,25,0.7000000000000002,0.0525,0.000225,71.18055555555556
20,50,33,47,68,14,0.5,0.0825,0.000225,70.60185185185185
21,31,10,47,76,17,0.6000000000000001,0.0725,0.000675,69.67592592592592
22,41,31,45,65,12,0.3,0.0625,0.0007875,69.25154320987654
23,27,32,31,82,17,0.3,0.0825,0.00045,68.90432098765432
24,28,27,42,51,10,0.5,0.0625,0.0007875,71.06481481481482
25,33,21,41,69,24,0.7000000000000002,0.0225,0.000675,71.60493827160494
26,27,18,38,66,21,0.4,0.0625,0.000675,67.7854938271605
27,46,33,25,76,17,0.7000000000000002,0.0425,0.0007875,71.64351851851852
28,29,24,31,53,13,0.3,0.0425,0.000225,70.64043209876542
29,50,30,38,56,14,0.2,0.0825,0.0007875,69.75308641975307
30,45,23,26,50,18,0.3,0.0425,0.0,69.79166666666667
31,54,13,31,58,22,0.5,0.0725,0.000225,69.94598765432099
32,38,24,45,66,24,0.6000000000000001,0.0225,0.0007875,70.17746913580247
33,29,29,37,70,11,0.7000000000000002,0.0925,0.000225,71.48919753086419
34,51,12,26,75,19,0.2,0.0125,0.0005625,68.13271604938272
35,49,24,35,51,29,0.3,0.0425,0.00045,67.93981481481482
36,44,12,28,62,17,0.2,0.0625,0.0009,67.5925925925926
37,46,12,44,69,14,0.6000000000000001,0.0525,0.0009,69.79166666666669
38,54,14,37,72,22,0.6000000000000001,0.0825,0.000675,70.40895061728396
39,51,16,32,76,15,0.3,0.0525,0.000675,67.7854938271605
40,34,11,36,77,26,0.6000000000000001,0.0625,0.000225,69.79166666666666
41,30,34,45,57,26,0.2,0.0925,0.00045,65.12345679012346
42,49,12,34,67,21,0.3,0.0825,0.0005625,68.13271604938272
43,52,22,27,51,16,0.4,0.0925,0.0009,70.9104938271605
44,51,32,43,81,25,0.8,0.0325,0.0001125,71.68209876543209
45,38,24,42,57,26,0.4,0.0525,0.00045,67.32253086419752
46,53,21,49,60,22,0.6000000000000001,0.0925,0.00045,70.21604938271605
47,38,23,53,74,14,0.8,0.0525,0.0005625,71.91358024691358
48,43,16,52,73,20,0.3,0.0425,0.00045,69.40586419753087
49,25,12,26,76,25,0.3,0.0625,0.000225,68.28703703703704
50,47,32,26,54,10,0.6000000000000001,0.0625,0.000675,70.9104938271605
51,48,15,26,53,26,0.7000000000000002,0.0425,0.000675,72.14506172839508
52,48,30,46,51,18,0.3,0.0425,0.0007875,68.40277777777777
53,35,26,31,64,18,0.8,0.0225,0.0005625,71.56635802469135
54,42,33,38,56,20,0.6000000000000001,0.0325,0.0009,71.875
55,27,22,49,70,26,0.3,0.0925,0.0009,66.85956790123458
56,29,33,36,79,21,0.3,0.0225,0.0007875,67.32253086419752
57,37,20,34,63,28,0.5,0.0825,0.00045,69.48302469135803
58,30,18,50,62,16,0.6000000000000001,0.0325,0.0007875,70.13888888888887
59,53,19,41,53,17,0.6000000000000001,0.0225,0.000225,70.67901234567901
60,54,30,50,61,18,0.5,0.0325,0.000225,70.48611111111111
61,44,26,39,53,11,0.5,0.0825,0.0005625,71.29629629629629
62,27,13,51,62,11,0.3,0.0525,0.00045,69.79166666666666
63,27,27,26,64,25,0.7000000000000002,0.0125,0.0001125,72.06790123456791
64,32,26,48,63,26,0.6000000000000001,0.0325,0.0001125,69.86882716049382
65,47,26,27,59,27,0.6000000000000001,0.0325,0.0009,71.02623456790123
66,35,21,28,75,16,0.3,0.0425,0.00045,68.75000000000001
67,46,26,45,72,13,0.6000000000000001,0.0925,0.0005625,69.86882716049382
68,28,20,35,53,24,0.3,0.0825,0.000675,69.09722222222223
69,44,25,25,80,12,0.7000000000000002,0.0225,0.000675,72.18364197530863
70,28,19,53,74,26,0.2,0.0225,0.000675,65.66358024691357
71,35,12,30,75,11,0.6000000000000001,0.0125,0.00045,69.79166666666667
72,31,26,48,50,11,0.3,0.0125,0.000225,70.87191358024693
73,33,16,46,79,23,0.5,0.0325,0.00045,69.21296296296296
74,29,29,52,68,18,0.7000000000000002,0.0125,0.0009,71.56635802469137
75,50,21,30,55,16,0.3,0.0425,0.000225,70.21604938271605
76,54,22,46,81,20,0.6000000000000001,0.0825,0.0005625,69.90740740740743
77,35,23,44,62,19,0.8,0.0725,0.0009,71.64351851851853
78,32,27,26,79,21,0.6000000000000001,0.0825,0.0001125,71.41203703703704
79,43,35,38,67,22,0.7000000000000002,0.0825,0.000675,71.79783950617283
80,28,33,53,67,14,0.2,0.0825,0.0009,68.13271604938271
81,49,21,49,78,22,0.3,0.0825,0.0001125,68.63425925925927
82,29,32,44,57,21,0.8,0.0925,0.0,72.22222222222223
83,33,35,27,72,16,0.8,0.0225,0.00045,71.45061728395062
84,33,22,30,61,27,0.4,0.0125,0.0,70.37037037037038
85,26,18,35,77,14,0.3,0.0125,0.0009,69.5216049382716
86,26,17,43,56,10,0.2,0.0925,0.0009,68.9814814814815
87,42,29,46,67,25,0.7000000000000002,0.0125,0.00045,71.41203703703704
88,25,12,36,69,21,0.2,0.0225,0.000675,68.1712962962963
89,44,21,32,62,27,0.3,0.0725,0.0,67.5925925925926
90,42,17,28,65,27,0.4,0.0525,0.0007875,67.97839506172839
91,43,24,50,76,10,0.4,0.0725,0.0001125,70.64043209876542
92,48,29,27,50,28,0.8,0.0425,0.0001125,74.0354938271605
93,50,19,35,71,14,0.4,0.0325,0.0001125,70.37037037037037
94,32,13,39,81,27,0.5,0.0525,0.00045,69.05864197530863
95,32,16,51,58,24,0.6000000000000001,0.0625,0.00045,70.60185185185185
96,38,23,30,75,16,0.4,0.0225,0.000675,70.21604938271605
97,32,16,28,69,26,0.6000000000000001,0.0525,0.0,70.06172839506172
98,48,29,25,62,11,0.6000000000000001,0.0125,0.0007875,71.25771604938271
99,28,23,29,82,28,0.2,0.0725,0.000225,64.85339506172839
100,47,19,38,76,12,0.6000000000000001,0.0425,0.0,70.94907407407408
